<?xml version="1.0" ?>
<edmx:Edmx xmlns:edmx="http://schemas.microsoft.com/ado/2007/06/edmx" Version="1.0" xmlns:sap="http://www.sap.com/Protocols/SAPData">
    <edmx:DataServices m:DataServiceVersion="1.0" xmlns:m="http://schemas.microsoft.com/ado/2007/08/dataservices/metadata">
        <Schema Namespace="MyService" xmlns="http://schemas.microsoft.com/ado/2008/09/edm">
            <EntityType Name="BusinessPartner">
                <Key>
                    <PropertyRef Name="BusinessPartner">
                    </PropertyRef>
                </Key>
                <Property Name="BusinessPartner" Type="Edm.String" Nullable="false" MaxLength="10">
                </Property>
                <Property Name="FirstName" Type="Edm.String" MaxLength="256">
                </Property>
                <Property Name="LastName" Type="Edm.String" MaxLength="256">
                </Property>
                <Property Name="Address" Type="Edm.String" MaxLength="1024">
                </Property>
                <Property Name="PostalCode" Type="Edm.String" MaxLength="32">
                </Property>
                <Property Name="CreatedAt" Type="Edm.DateTimeOffset">
                </Property>
            </EntityType>
            <EntityContainer Name="EntityContainer" m:IsDefaultEntityContainer="true">
                <EntitySet Name="BusinessPartner" EntityType="MyService.BusinessPartner">
                </EntitySet>
            </EntityContainer>
        </Schema>
    </edmx:DataServices>
</edmx:Edmx>